-- phpMyAdmin SQL Dump
-- version 5.2.0
-- https://www.phpmyadmin.net/
--
-- Host: 127.0.0.1
-- Generation Time: Nov 12, 2022 at 11:02 AM
-- Server version: 10.4.25-MariaDB
-- PHP Version: 7.4.30

SET SQL_MODE = "NO_AUTO_VALUE_ON_ZERO";
START TRANSACTION;
SET time_zone = "+00:00";


/*!40101 SET @OLD_CHARACTER_SET_CLIENT=@@CHARACTER_SET_CLIENT */;
/*!40101 SET @OLD_CHARACTER_SET_RESULTS=@@CHARACTER_SET_RESULTS */;
/*!40101 SET @OLD_COLLATION_CONNECTION=@@COLLATION_CONNECTION */;
/*!40101 SET NAMES utf8mb4 */;

--
-- Database: `task-3-db`
--

-- --------------------------------------------------------

--
-- Table structure for table `competitions`
--

CREATE TABLE `competitions` (
  `competitions_id` int(11) NOT NULL,
  `competitions_name` varchar(255) DEFAULT NULL,
  `started_date` date DEFAULT NULL,
  `place` varchar(255) DEFAULT NULL
) ENGINE=InnoDB DEFAULT CHARSET=utf8mb4;

--
-- Dumping data for table `competitions`
--

INSERT INTO `competitions` (`competitions_id`, `competitions_name`, `started_date`, `place`) VALUES
(1, 'Volgograd-Arena2022', '2022-11-11', 'Russia, Volgograd'),
(2, 'Volgograd-Arena2021', '2021-10-02', 'Russia, Volgograd');

-- --------------------------------------------------------

--
-- Table structure for table `prize`
--

CREATE TABLE `prize` (
  `prize_id` int(11) NOT NULL,
  `prize_type` varchar(250) NOT NULL
) ENGINE=InnoDB DEFAULT CHARSET=utf8mb4;

--
-- Dumping data for table `prize`
--

INSERT INTO `prize` (`prize_id`, `prize_type`) VALUES
(1, 'Gold'),
(2, 'Silver'),
(3, 'Bronze');

-- --------------------------------------------------------

--
-- Table structure for table `results`
--

CREATE TABLE `results` (
  `results_id` int(11) NOT NULL,
  `sportsmen_id` int(11) NOT NULL DEFAULT 0,
  `position` int(11) DEFAULT NULL
) ENGINE=InnoDB DEFAULT CHARSET=utf8mb4;

--
-- Dumping data for table `results`
--

INSERT INTO `results` (`results_id`, `sportsmen_id`, `position`) VALUES
(1, 1, 35),
(2, 2, 15),
(3, 3, 8),
(4, 4, 84),
(5, 5, 7),
(6, 6, 57),
(7, 7, 9),
(8, 8, 61),
(9, 9, 22),
(10, 10, 91),
(11, 11, 95),
(12, 12, 27),
(13, 13, 50),
(14, 14, 44),
(15, 15, 72),
(16, 16, 88),
(17, 17, 73),
(18, 18, 51),
(19, 19, 85),
(20, 20, 34),
(21, 21, 31),
(22, 22, 42),
(23, 23, 16),
(24, 24, 21),
(25, 25, 58),
(26, 26, 36),
(27, 27, 6),
(28, 28, 20),
(29, 29, 93),
(30, 30, 99),
(31, 31, 3),
(32, 32, 82),
(33, 33, 19),
(34, 34, 4),
(35, 35, 33),
(36, 36, 75),
(37, 37, 17),
(38, 38, 32),
(39, 39, 60),
(40, 40, 5),
(41, 41, 92),
(42, 42, 59),
(43, 43, 26),
(44, 44, 30),
(45, 45, 12),
(46, 46, 37),
(47, 47, 41),
(48, 48, 79),
(49, 49, 10),
(50, 50, 55),
(51, 51, 94),
(52, 52, 46),
(53, 53, 62),
(54, 54, 67),
(55, 55, 43),
(56, 56, 48),
(57, 57, 54),
(58, 58, 68),
(59, 59, 39),
(60, 60, 65),
(61, 61, 63),
(62, 62, 98),
(63, 63, 81),
(64, 64, 76),
(65, 65, 64),
(66, 66, 47),
(67, 67, 83),
(68, 68, 100),
(69, 69, 11),
(70, 70, 90),
(71, 71, 14),
(72, 72, 25),
(73, 73, 69),
(74, 74, 80),
(75, 75, 24),
(76, 76, 49),
(77, 77, 45),
(78, 78, 2),
(79, 79, 97),
(80, 80, 53),
(81, 81, 38),
(82, 82, 71),
(83, 83, 87),
(84, 84, 23),
(85, 85, 29),
(86, 86, 13),
(87, 87, 78),
(88, 88, 1),
(89, 90, 70),
(90, 91, 96),
(91, 92, 74),
(92, 93, 40),
(93, 94, 52),
(94, 95, 86),
(95, 96, 56),
(96, 97, 66),
(97, 98, 18),
(98, 99, 89),
(99, 100, 77);

-- --------------------------------------------------------

--
-- Table structure for table `sportsmen`
--

CREATE TABLE `sportsmen` (
  `id` int(11) NOT NULL,
  `firstname` varchar(255) NOT NULL,
  `middle_name` varchar(255) NOT NULL,
  `lastname` varchar(255) NOT NULL,
  `email` varchar(255) NOT NULL,
  `phone` varchar(20) NOT NULL,
  `birthday` date NOT NULL,
  `age` int(11) NOT NULL,
  `created_at` timestamp NOT NULL DEFAULT current_timestamp() ON UPDATE current_timestamp(),
  `passport` varchar(10) NOT NULL,
  `bio` text DEFAULT NULL,
  `video_link` varchar(255) DEFAULT NULL
) ENGINE=InnoDB DEFAULT CHARSET=utf8mb4;

--
-- Dumping data for table `sportsmen`
--

INSERT INTO `sportsmen` (`id`, `firstname`, `middle_name`, `lastname`, `email`, `phone`, `birthday`, `age`, `created_at`, `passport`, `bio`, `video_link`) VALUES
(1, 'Henry', 'Timothy', 'Walters', 'neque.nullam@yahoo.org', '+79278852921', '1983-04-22', 39, '2022-11-10 17:45:07', '21 6193303', 'arcu. Morbi sit amet massa. Quisque porttitor eros nec tellus. Nunc lectus pede, ultrices a, auctor non, feugiat nec, diam. Duis mi enim, condimentum eget, volutpat ornare, facilisis eget, ipsum. Donec sollicitudin adipiscing ligula. Aenean gravida nunc sed pede. Cum', 'https://youtube.com/sub/cars?ad=115'),
(2, 'Orlando', 'Thomas', 'Lott', 'ut@google.couk', '89183903836', '1984-02-09', 38, '2022-11-10 17:45:07', '97 5333226', 'dapibus rutrum, justo. Praesent luctus. Curabitur egestas nunc sed libero. Proin sed turpis nec mauris blandit mattis. Cras eget nisi dictum augue malesuada malesuada. Integer id magna et ipsum cursus vestibulum. Mauris magna. Duis dignissim tempor arcu. Vestibulum ut eros', 'http://youtube.com/site?g=1'),
(3, 'Jolene', 'Brian', 'Nieves', 'elit.dictum@protonmail.net', '+79550466195', '1995-01-20', 27, '2022-11-10 17:45:07', '92 3961330', 'Maecenas ornare egestas ligula. Nullam feugiat placerat velit. Quisque varius. Nam porttitor scelerisque neque. Nullam nisl. Maecenas malesuada fringilla est. Mauris eu turpis. Nulla aliquet. Proin velit. Sed malesuada augue ut lacus. Nulla tincidunt, neque vitae semper egestas, urna justo', 'http://youtube.com/sub/cars?q=4'),
(4, 'Zachary', 'Charles', 'Gates', 'lobortis.quam@protonmail.couk', '+79166761335', '1986-05-18', 36, '2022-11-10 17:45:07', '15 4090336', 'turpis egestas. Fusce aliquet magna a neque. Nullam ut nisi a odio semper cursus. Integer mollis. Integer tincidunt aliquam arcu. Aliquam ultrices iaculis odio. Nam interdum enim non nisi. Aenean eget metus. In nec orci. Donec nibh. Quisque nonummy ipsum', 'http://rutube.ru/sub?k=0'),
(5, 'Kelly', 'Nolan', 'Clayton', 'donec.fringilla@hotmail.org', '89768415528', '2002-04-11', 20, '2022-11-10 17:45:07', '83 5439126', 'Nulla aliquet. Proin velit. Sed malesuada augue ut lacus. Nulla tincidunt, neque vitae semper egestas, urna justo faucibus lectus, a sollicitudin orci sem eget massa. Suspendisse eleifend. Cras sed leo. Cras vehicula aliquet libero. Integer in magna. Phasellus dolor elit,', 'http://youtube.com/group/9?client=g'),
(6, 'Oscar', 'Graiden', 'Mckinney', 'arcu.ac@aol.couk', '89944824144', '1989-06-30', 33, '2022-11-10 17:45:07', '52 9219386', 'purus. Duis elementum, dui quis accumsan convallis, ante lectus convallis est, vitae sodales nisi magna sed dui. Fusce aliquam, enim nec tempus scelerisque, lorem ipsum sodales purus, in molestie tortor nibh sit amet orci. Ut sagittis lobortis mauris. Suspendisse aliquet', 'https://youtube.com/en-us?search=1&q=de'),
(7, 'Steel', 'Tucker', 'Hinton', 'mi.enim.condimentum@aol.edu', '89463888825', '1997-08-28', 25, '2022-11-10 17:45:07', '67 0628115', 'Cras interdum. Nunc sollicitudin commodo ipsum. Suspendisse non leo. Vivamus nibh dolor, nonummy ac, feugiat non, lobortis quis, pede. Suspendisse dui. Fusce diam nunc, ullamcorper eu, euismod ac, fermentum vel, mauris. Integer sem elit, pharetra ut, pharetra sed, hendrerit a,', 'http://youtube.com/one?q=0'),
(8, 'Byron', 'Vincent', 'Potts', 'amet.ante@hotmail.com', '89324358844', '1994-05-28', 28, '2022-11-10 17:45:07', '00 8243087', 'Aenean eget metus. In nec orci. Donec nibh. Quisque nonummy ipsum non arcu. Vivamus sit amet risus. Donec egestas. Aliquam nec enim. Nunc ut erat. Sed nunc est, mollis non, cursus non, egestas a, dui. Cras pellentesque. Sed dictum. Proin', 'http://rutube.ru/fr?ab=441&aad=2'),
(9, 'Kadeem', 'Hasad', 'Bonner', 'duis.ac.arcu@outlook.net', '89175451858', '1987-09-30', 35, '2022-11-10 17:28:55', '88 6634135', 'magnis dis parturient montes, nascetur ridiculus mus. Donec dignissim magna a tortor. Nunc commodo auctor velit. Aliquam nisl. Nulla eu neque pellentesque massa lobortis ultrices. Vivamus rhoncus. Donec est. Nunc ullamcorper, velit in aliquet lobortis, nisi nibh lacinia orci, consectetuer', 'http://rutube.ru/fr?client=g'),
(10, 'Aristotle', 'Joshua', 'Richard', 'eget.massa@outlook.couk', '89567388988', '2004-04-20', 18, '2022-11-10 17:45:07', '12 3621571', 'Quisque libero lacus, varius et, euismod et, commodo at, libero. Morbi accumsan laoreet ipsum. Curabitur consequat, lectus sit amet luctus vulputate, nisi sem semper erat, in consectetuer ipsum nunc id enim. Curabitur massa. Vestibulum accumsan neque et nunc. Quisque ornare', 'http://rutube.ru/sub?page=1&offset=1'),
(11, 'Maggie', 'Graham', 'Sutton', 'elit@outlook.org', '89684063807', '1998-05-08', 24, '2022-11-10 17:45:07', '76 1755145', 'nec tellus. Nunc lectus pede, ultrices a, auctor non, feugiat nec, diam. Duis mi enim, condimentum eget, volutpat ornare, facilisis eget, ipsum. Donec sollicitudin adipiscing ligula. Aenean gravida nunc sed pede. Cum sociis natoque penatibus et magnis dis parturient montes,', 'https://youtube.com/one?g=1'),
(12, 'Jared', 'Keefe', 'Clark', 'quisque.nonummy.ipsum@google.couk', '+79693231011', '2001-01-28', 21, '2022-11-10 17:45:07', '38 2668802', 'euismod mauris eu elit. Nulla facilisi. Sed neque. Sed eget lacus. Mauris non dui nec urna suscipit nonummy. Fusce fermentum fermentum arcu. Vestibulum ante ipsum primis in faucibus orci luctus et ultrices posuere cubilia Curae Phasellus ornare. Fusce mollis. Duis', 'https://youtube.com/one?q=0'),
(13, 'Garth', 'Dolan', 'Miller', 'nisl@protonmail.com', '89777142773', '1990-12-01', 31, '2022-11-10 17:45:07', '67 0873841', 'faucibus leo, in lobortis tellus justo sit amet nulla. Donec non justo. Proin non massa non ante bibendum ullamcorper. Duis cursus, diam at pretium aliquet, metus urna convallis erat, eget tincidunt dui augue eu tellus. Phasellus elit pede, malesuada vel,', 'http://rutube.ru/user/110?q=4'),
(14, 'Aurelia', 'Arsenio', 'Morse', 'vitae.semper@outlook.ca', '89718532031', '1989-03-23', 33, '2022-11-10 17:45:07', '13 0367708', 'a feugiat tellus lorem eu metus. In lorem. Donec elementum, lorem ut aliquam iaculis, lacus pede sagittis augue, eu tempor erat neque non quam. Pellentesque habitant morbi tristique senectus et netus et malesuada fames ac turpis egestas. Aliquam fringilla cursus', 'https://youtube.com/sub/cars?str=se'),
(15, 'Howard', 'Keefe', 'Craig', 'fermentum.vel.mauris@outlook.net', '+79818473734', '1998-03-15', 24, '2022-11-10 17:45:07', '68 8177178', 'faucibus orci luctus et ultrices posuere cubilia Curae Phasellus ornare. Fusce mollis. Duis sit amet diam eu dolor egestas rhoncus. Proin nisl sem, consequat nec, mollis vitae, posuere at, velit. Cras lorem lorem, luctus ut, pellentesque eget, dictum placerat, augue.', 'https://rutube.ru/site?search=1&q=de'),
(16, 'Rose', 'Erich', 'Huber', 'vehicula.aliquet@yahoo.com', '89277176327', '1989-05-14', 33, '2022-11-10 17:45:07', '64 0782046', 'nunc risus varius orci, in consequat enim diam vel arcu. Curabitur ut odio vel est tempor bibendum. Donec felis orci, adipiscing non, luctus sit amet, faucibus ut, nulla. Cras eu tellus eu augue porttitor interdum. Sed auctor odio a purus.', 'http://youtube.com/sub/cars?q=4'),
(17, 'Eric', 'Lev', 'Tillman', 'quam.quis@protonmail.edu', '89551144554', '1992-09-09', 30, '2022-11-10 17:45:07', '38 5502505', 'at pretium aliquet, metus urna convallis erat, eget tincidunt dui augue eu tellus. Phasellus elit pede, malesuada vel, venenatis vel, faucibus id, libero. Donec consectetuer mauris id sapien. Cras dolor dolor, tempus non, lacinia at, iaculis quis, pede. Praesent eu', 'https://rutube.ru/en-us?k=0'),
(18, 'Cheryl', 'Patrick', 'Owen', 'lacinia.vitae@google.ca', '+79794876155', '1989-02-09', 33, '2022-11-10 17:45:07', '85 6116666', 'quam, elementum at, egestas a, scelerisque sed, sapien. Nunc pulvinar arcu et pede. Nunc sed orci lobortis augue scelerisque mollis. Phasellus libero mauris, aliquam eu, accumsan sed, facilisis vitae, orci. Phasellus dapibus quam quis diam. Pellentesque habitant morbi tristique senectus', 'http://youtube.com/fr?q=4'),
(19, 'Lael', 'Prescott', 'Crosby', 'fermentum@yahoo.ca', '89731288418', '1997-08-09', 25, '2022-11-10 17:45:07', '70 2025525', 'pharetra nibh. Aliquam ornare, libero at auctor ullamcorper, nisl arcu iaculis enim, sit amet ornare lectus justo eu arcu. Morbi sit amet massa. Quisque porttitor eros nec tellus. Nunc lectus pede, ultrices a, auctor non, feugiat nec, diam. Duis mi', 'https://rutube.ru/sub?search=1'),
(20, 'Igor', 'Roth', 'Kidd', 'ut.ipsum@hotmail.couk', '89887876259', '1984-04-28', 38, '2022-11-10 17:45:07', '79 6946299', 'lorem, eget mollis lectus pede et risus. Quisque libero lacus, varius et, euismod et, commodo at, libero. Morbi accumsan laoreet ipsum. Curabitur consequat, lectus sit amet luctus vulputate, nisi sem semper erat, in consectetuer ipsum nunc id enim. Curabitur massa.', 'http://rutube.ru/sub?search=1'),
(21, 'Moana', 'Timon', 'Blair', 'augue@google.com', '+79831453718', '1984-01-25', 38, '2022-11-10 17:45:07', '75 2510272', 'accumsan neque et nunc. Quisque ornare tortor at risus. Nunc ac sem ut dolor dapibus gravida. Aliquam tincidunt, nunc ac mattis ornare, lectus ante dictum mi, ac mattis velit justo nec ante. Maecenas mi felis, adipiscing fringilla, porttitor vulputate, posuere', 'http://youtube.com/user/110?gi=100'),
(22, 'Hammett', 'Wesley', 'Hoover', 'elit.erat.vitae@yahoo.edu', '+79684810948', '2001-06-11', 21, '2022-11-10 17:45:07', '75 1187863', 'adipiscing, enim mi tempor lorem, eget mollis lectus pede et risus. Quisque libero lacus, varius et, euismod et, commodo at, libero. Morbi accumsan laoreet ipsum. Curabitur consequat, lectus sit amet luctus vulputate, nisi sem semper erat, in consectetuer ipsum nunc', 'http://rutube.ru/sub/cars?q=0'),
(23, 'Kylan', 'Xavier', 'Acevedo', 'mauris@yahoo.ca', '+79025481366', '1987-11-23', 34, '2022-11-10 17:45:07', '25 7287263', 'et netus et malesuada fames ac turpis egestas. Aliquam fringilla cursus purus. Nullam scelerisque neque sed sem egestas blandit. Nam nulla magna, malesuada vel, convallis in, cursus et, eros. Proin ultrices. Duis volutpat nunc sit amet metus. Aliquam erat volutpat.', 'https://rutube.ru/fr?client=g'),
(24, 'Illana', 'Walker', 'Serrano', 'nunc.sed@aol.edu', '+79763786807', '1988-10-07', 34, '2022-11-10 17:45:07', '94 1554731', 'tincidunt, nunc ac mattis ornare, lectus ante dictum mi, ac mattis velit justo nec ante. Maecenas mi felis, adipiscing fringilla, porttitor vulputate, posuere vulputate, lacus. Cras interdum. Nunc sollicitudin commodo ipsum. Suspendisse non leo. Vivamus nibh dolor, nonummy ac, feugiat', 'http://youtube.com/fr?q=0'),
(25, 'William', 'Barclay', 'Kinney', 'tempus.eu@hotmail.edu', '+79579165721', '2000-08-25', 22, '2022-11-10 17:45:07', '91 8521655', 'amet, dapibus id, blandit at, nisi. Cum sociis natoque penatibus et magnis dis parturient montes, nascetur ridiculus mus. Proin vel nisl. Quisque fringilla euismod enim. Etiam gravida molestie arcu. Sed eu nibh vulputate mauris sagittis placerat. Cras dictum ultricies ligula.', 'https://rutube.ru/en-ca?ad=115'),
(26, 'Connor', 'Channing', 'Simmons', 'nullam@yahoo.net', '89518238481', '1988-03-29', 34, '2022-11-10 17:45:07', '26 3714363', 'ipsum porta elit, a feugiat tellus lorem eu metus. In lorem. Donec elementum, lorem ut aliquam iaculis, lacus pede sagittis augue, eu tempor erat neque non quam. Pellentesque habitant morbi tristique senectus et netus et malesuada fames ac turpis egestas.', 'http://rutube.ru/user/110?p=8'),
(27, 'Ainsley', 'Alvin', 'Park', 'massa.vestibulum.accumsan@aol.ca', '89684708536', '1996-03-20', 26, '2022-11-10 17:45:07', '29 9244103', 'semper cursus. Integer mollis. Integer tincidunt aliquam arcu. Aliquam ultrices iaculis odio. Nam interdum enim non nisi. Aenean eget metus. In nec orci. Donec nibh. Quisque nonummy ipsum non arcu. Vivamus sit amet risus. Donec egestas. Aliquam nec enim. Nunc', 'http://rutube.ru/en-us?str=se'),
(28, 'Vance', 'Linus', 'Stark', 'et.lacinia.vitae@yahoo.org', '+79652805628', '1996-12-20', 25, '2022-11-10 17:45:07', '07 9181431', 'mi enim, condimentum eget, volutpat ornare, facilisis eget, ipsum. Donec sollicitudin adipiscing ligula. Aenean gravida nunc sed pede. Cum sociis natoque penatibus et magnis dis parturient montes, nascetur ridiculus mus. Proin vel arcu eu odio tristique pharetra. Quisque ac libero', 'http://youtube.com/group/9?k=0'),
(29, 'Lance', 'Galvin', 'Haley', 'mollis@protonmail.edu', '+79846984301', '2000-08-22', 22, '2022-11-10 17:45:07', '52 6421672', 'turpis. Aliquam adipiscing lobortis risus. In mi pede, nonummy ut, molestie in, tempus eu, ligula. Aenean euismod mauris eu elit. Nulla facilisi. Sed neque. Sed eget lacus. Mauris non dui nec urna suscipit nonummy. Fusce fermentum fermentum arcu. Vestibulum ante', 'https://rutube.ru/one?gi=100'),
(30, 'Kimberly', 'Zeph', 'Long', 'vivamus.rhoncus@hotmail.org', '+79311433922', '1987-07-22', 35, '2022-11-10 17:45:07', '78 8294358', 'leo. Vivamus nibh dolor, nonummy ac, feugiat non, lobortis quis, pede. Suspendisse dui. Fusce diam nunc, ullamcorper eu, euismod ac, fermentum vel, mauris. Integer sem elit, pharetra ut, pharetra sed, hendrerit a, arcu. Sed et libero. Proin mi. Aliquam gravida', 'https://youtube.com/site?p=8'),
(31, 'Eagan', 'Nathaniel', 'Hickman', 'luctus.felis@google.net', '+79164932970', '1999-09-04', 23, '2022-11-10 17:45:07', '54 0201232', 'in lobortis tellus justo sit amet nulla. Donec non justo. Proin non massa non ante bibendum ullamcorper. Duis cursus, diam at pretium aliquet, metus urna convallis erat, eget tincidunt dui augue eu tellus. Phasellus elit pede, malesuada vel, venenatis vel,', 'http://rutube.ru/group/9?p=8'),
(32, 'Olivia', 'Dolan', 'Franks', 'non.lorem@yahoo.org', '+79897433605', '1992-08-15', 30, '2022-11-10 17:45:07', '61 9624863', 'egestas a, scelerisque sed, sapien. Nunc pulvinar arcu et pede. Nunc sed orci lobortis augue scelerisque mollis. Phasellus libero mauris, aliquam eu, accumsan sed, facilisis vitae, orci. Phasellus dapibus quam quis diam. Pellentesque habitant morbi tristique senectus et netus et', 'https://youtube.com/one?ad=115'),
(33, 'Willa', 'Hamish', 'Kirby', 'quis.diam@yahoo.com', '+79297443547', '1986-08-13', 36, '2022-11-10 17:45:07', '45 7649162', 'fermentum arcu. Vestibulum ante ipsum primis in faucibus orci luctus et ultrices posuere cubilia Curae Phasellus ornare. Fusce mollis. Duis sit amet diam eu dolor egestas rhoncus. Proin nisl sem, consequat nec, mollis vitae, posuere at, velit. Cras lorem lorem,', 'https://youtube.com/en-us?client=g'),
(34, 'Felix', 'Jelani', 'O\'brien', 'malesuada.vel@outlook.couk', '+79846448867', '1986-08-03', 36, '2022-11-10 17:45:07', '86 1135757', 'massa lobortis ultrices. Vivamus rhoncus. Donec est. Nunc ullamcorper, velit in aliquet lobortis, nisi nibh lacinia orci, consectetuer euismod est arcu ac orci. Ut semper pretium neque. Morbi quis urna. Nunc quis arcu vel quam dignissim pharetra. Nam ac nulla.', 'https://rutube.ru/sub/cars?page=1&offset=1'),
(35, 'Lael', 'Anthony', 'Duncan', 'turpis.aliquam@aol.org', '+79550313963', '2002-10-16', 20, '2022-11-10 17:45:07', '25 6230218', 'consectetuer adipiscing elit. Etiam laoreet, libero et tristique pellentesque, tellus sem mollis dui, in sodales elit erat vitae risus. Duis a mi fringilla mi lacinia mattis. Integer eu lacus. Quisque imperdiet, erat nonummy ultricies ornare, elit elit fermentum risus, at', 'http://rutube.ru/sub/cars?q=4'),
(36, 'Nita', 'Caleb', 'Frye', 'porttitor.scelerisque@yahoo.net', '+79948340536', '1985-07-15', 37, '2022-11-10 17:45:07', '56 8730005', 'tincidunt aliquam arcu. Aliquam ultrices iaculis odio. Nam interdum enim non nisi. Aenean eget metus. In nec orci. Donec nibh. Quisque nonummy ipsum non arcu. Vivamus sit amet risus. Donec egestas. Aliquam nec enim. Nunc ut erat. Sed nunc est,', 'http://rutube.ru/fr?q=0'),
(37, 'Erin', 'Alden', 'Ellis', 'amet.ornare@google.ca', '+79888517633', '1989-01-12', 33, '2022-11-10 17:45:07', '11 6412652', 'magna, malesuada vel, convallis in, cursus et, eros. Proin ultrices. Duis volutpat nunc sit amet metus. Aliquam erat volutpat. Nulla facilisis. Suspendisse commodo tincidunt nibh. Phasellus nulla. Integer vulputate, risus a ultricies adipiscing, enim mi tempor lorem, eget mollis lectus', 'http://rutube.ru/sub?q=0'),
(38, 'Fulton', 'Uriel', 'Mccarty', 'praesent@icloud.com', '+79788706111', '1995-08-01', 27, '2022-11-10 17:45:07', '11 6974726', 'conubia nostra, per inceptos hymenaeos. Mauris ut quam vel sapien imperdiet ornare. In faucibus. Morbi vehicula. Pellentesque tincidunt tempus risus. Donec egestas. Duis ac arcu. Nunc mauris. Morbi non sapien molestie orci tincidunt adipiscing. Mauris molestie pharetra nibh. Aliquam ornare,', 'https://rutube.ru/group/9?gi=100'),
(39, 'Reece', 'Wayne', 'Hess', 'hymenaeos@outlook.ca', '89537932714', '2002-08-27', 20, '2022-11-10 17:45:07', '40 7030755', 'vulputate, risus a ultricies adipiscing, enim mi tempor lorem, eget mollis lectus pede et risus. Quisque libero lacus, varius et, euismod et, commodo at, libero. Morbi accumsan laoreet ipsum. Curabitur consequat, lectus sit amet luctus vulputate, nisi sem semper erat,', 'https://rutube.ru/one?p=8'),
(40, 'Seth', 'Logan', 'Hayes', 'sit.amet.metus@protonmail.couk', '89224687889', '1990-04-22', 32, '2022-11-10 17:45:07', '14 6374536', 'Curabitur vel lectus. Cum sociis natoque penatibus et magnis dis parturient montes, nascetur ridiculus mus. Donec dignissim magna a tortor. Nunc commodo auctor velit. Aliquam nisl. Nulla eu neque pellentesque massa lobortis ultrices. Vivamus rhoncus. Donec est. Nunc ullamcorper, velit', 'http://rutube.ru/sub/cars?k=0'),
(41, 'Zeph', 'Bruce', 'Downs', 'dictum.eu.placerat@google.edu', '89173527335', '1991-11-13', 30, '2022-11-10 17:45:07', '52 6454177', 'pretium neque. Morbi quis urna. Nunc quis arcu vel quam dignissim pharetra. Nam ac nulla. In tincidunt congue turpis. In condimentum. Donec at arcu. Vestibulum ante ipsum primis in faucibus orci luctus et ultrices posuere cubilia Curae Donec tincidunt. Donec', 'https://rutube.ru/sub?p=8'),
(42, 'Summer', 'Macon', 'Knapp', 'mauris.rhoncus@protonmail.org', '89651506767', '1997-01-06', 25, '2022-11-10 17:45:07', '33 0634253', 'fringilla euismod enim. Etiam gravida molestie arcu. Sed eu nibh vulputate mauris sagittis placerat. Cras dictum ultricies ligula. Nullam enim. Sed nulla ante, iaculis nec, eleifend non', 'http://rutube.ru/sub/cars?q=11'),
(43, 'Samantha', 'Flynn', 'Stevenson', 'scelerisque.neque.nullam@google.edu', '+79443041328', '1990-06-22', 32, '2022-11-10 17:45:07', '51 6292574', 'vel, venenatis vel, faucibus id, libero. Donec consectetuer mauris id sapien. Cras dolor dolor, tempus non, lacinia at, iaculis quis, pede. Praesent eu dui. Cum sociis natoque penatibus et magnis dis parturient montes, nascetur ridiculus mus. Aenean eget magna. Suspendisse', 'http://rutube.ru/site?str=se'),
(44, 'Yeo', 'Brendan', 'Schmidt', 'facilisi.sed@google.net', '89218744422', '1990-03-08', 32, '2022-11-10 17:45:07', '24 4994768', 'non arcu. Vivamus sit amet risus. Donec egestas. Aliquam nec enim. Nunc ut erat. Sed nunc est, mollis non, cursus non, egestas a, dui. Cras pellentesque. Sed dictum. Proin eget odio. Aliquam vulputate ullamcorper magna. Sed eu eros. Nam consequat', 'http://rutube.ru/en-ca?client=g'),
(45, 'Shannon', 'Evan', 'Fleming', 'malesuada.integer@aol.net', '89248727457', '1999-07-31', 23, '2022-11-10 17:45:07', '34 8331250', 'urna. Vivamus molestie dapibus ligula. Aliquam erat volutpat. Nulla dignissim. Maecenas ornare egestas', 'http://rutube.ru/one?k=0'),
(46, 'Colton', 'Cain', 'French', 'nec.orci@aol.com', '89542461296', '1990-10-07', 32, '2022-11-10 17:45:07', '52 2553171', 'Phasellus at augue id ante dictum cursus. Nunc mauris elit, dictum eu, eleifend nec, malesuada ut, sem. Nulla interdum. Curabitur dictum. Phasellus in felis. Nulla tempor augue ac ipsum. Phasellus vitae mauris sit amet lorem semper auctor. Mauris vel turpis.', 'http://youtube.com/group/9?q=4'),
(47, 'Evangeline', 'Cameron', 'Smith', 'dolor.tempus@outlook.edu', '+79869875574', '1994-03-16', 28, '2022-11-10 17:28:55', '14 7174483', 'iaculis aliquet diam. Sed diam lorem, auctor quis, tristique ac, eleifend vitae, erat. Vivamus nisi. Mauris nulla. Integer urna. Vivamus molestie dapibus ligula. Aliquam erat volutpat. Nulla dignissim. Maecenas ornare egestas ligula. Nullam feugiat placerat velit. Quisque varius. Nam porttitor', 'https://youtube.com/fr?search=1'),
(48, 'Felicia', 'Camden', 'Pittman', 'suscipit.est@icloud.com', '+79978762736', '1988-03-07', 34, '2022-11-10 17:45:07', '52 5665339', 'et magnis dis parturient montes, nascetur ridiculus mus. Donec dignissim magna a tortor. Nunc commodo auctor velit. Aliquam nisl. Nulla eu neque pellentesque massa lobortis ultrices. Vivamus rhoncus. Donec est. Nunc ullamcorper, velit in aliquet lobortis, nisi nibh lacinia orci,', 'https://rutube.ru/user/110?q=test'),
(49, 'Yuri', 'Howard', 'Harding', 'luctus.et@yahoo.edu', '89334488862', '1984-07-10', 38, '2022-11-10 17:45:07', '72 6047771', 'ante. Vivamus non lorem vitae odio sagittis semper. Nam tempor diam dictum', 'http://rutube.ru/en-us?client=g'),
(50, 'Desirae', 'Akeem', 'Pickett', 'eu@aol.org', '+79134411453', '2000-05-01', 22, '2022-11-10 17:28:55', '02 8078177', 'ultrices posuere cubilia Curae Phasellus ornare. Fusce mollis. Duis sit amet diam eu dolor egestas rhoncus. Proin nisl sem, consequat nec, mollis vitae, posuere at, velit. Cras lorem lorem, luctus ut, pellentesque eget, dictum placerat, augue. Sed molestie. Sed id', 'https://rutube.ru/en-us?q=4'),
(51, 'Erich', 'Jamal', 'Andrews', 'et.tristique.pellentesque@google.ca', '89466148210', '1988-05-12', 34, '2022-11-10 17:45:07', '58 1363225', 'Morbi non sapien molestie orci tincidunt adipiscing. Mauris molestie pharetra nibh. Aliquam ornare, libero at auctor ullamcorper, nisl arcu iaculis enim, sit amet ornare lectus justo eu arcu. Morbi sit amet massa. Quisque porttitor eros nec tellus. Nunc lectus pede,', 'http://rutube.ru/en-ca?client=g'),
(52, 'Zahir', 'Drew', 'Wolf', 'vivamus.euismod@aol.ca', '89910585089', '1994-02-07', 28, '2022-11-10 17:45:07', '23 9441204', 'velit justo nec ante. Maecenas mi felis, adipiscing fringilla, porttitor vulputate, posuere vulputate, lacus. Cras interdum. Nunc sollicitudin commodo ipsum. Suspendisse non leo. Vivamus nibh dolor, nonummy ac, feugiat non, lobortis quis, pede. Suspendisse dui. Fusce diam nunc, ullamcorper eu,', 'https://rutube.ru/sub?g=1'),
(53, 'Zelda', 'Emery', 'Solis', 'etiam.imperdiet@yahoo.net', '+79452796434', '1985-02-25', 37, '2022-11-10 17:45:07', '34 7076122', 'metus. Aliquam erat volutpat. Nulla facilisis. Suspendisse commodo tincidunt nibh. Phasellus nulla. Integer vulputate, risus a ultricies adipiscing, enim mi tempor lorem, eget mollis lectus pede et risus. Quisque libero lacus, varius et, euismod et, commodo at, libero. Morbi accumsan', 'https://rutube.ru/fr?page=1&offset=1'),
(54, 'Lev', 'Gannon', 'Lynn', 'amet.faucibus@outlook.com', '+79877909515', '2002-01-22', 20, '2022-11-10 17:45:07', '69 2133089', 'eget massa. Suspendisse eleifend. Cras sed leo. Cras vehicula aliquet libero. Integer in magna. Phasellus dolor elit, pellentesque a, facilisis non, bibendum sed, est. Nunc laoreet lectus quis massa. Mauris vestibulum, neque sed dictum eleifend, nunc risus varius orci, in', 'https://rutube.ru/group/9?q=4'),
(55, 'Calvin', 'Adam', 'Ray', 'turpis.aliquam@outlook.org', '89758423156', '1998-12-13', 23, '2022-11-10 17:45:07', '61 8788263', 'orci lacus vestibulum lorem, sit amet ultricies sem magna nec quam. Curabitur vel lectus. Cum sociis natoque penatibus et magnis dis parturient montes, nascetur ridiculus mus. Donec dignissim magna a tortor. Nunc commodo auctor velit. Aliquam nisl. Nulla eu neque', 'http://rutube.ru/user/110?q=4'),
(56, 'Demetria', 'Mohammad', 'Ellison', 'parturient.montes@icloud.couk', '89631137278', '1988-04-20', 34, '2022-11-10 17:45:07', '97 4382666', 'velit. Quisque varius. Nam porttitor scelerisque neque. Nullam nisl. Maecenas malesuada fringilla est. Mauris eu turpis. Nulla aliquet. Proin velit. Sed malesuada augue ut lacus. Nulla tincidunt, neque vitae semper egestas, urna justo faucibus lectus, a sollicitudin orci sem eget', 'https://youtube.com/user/110?gi=100'),
(57, 'Griffith', 'Anthony', 'Horton', 'ornare.facilisis@hotmail.net', '89678716856', '1990-01-02', 32, '2022-11-10 17:45:07', '97 4382666', ' erat volutpat. Nulla facilisis. Suspendisse commodo tincidunt nibh. Phasellus nulla. Integer vulputate, risus a ultricies adipiscing, enim mi tempor lorem, eget mollis lectus pede et risus. Quisque', 'http://youtube.com/group/9?p=8'),
(58, 'Reese', 'Logan', 'Vincent', 'suspendisse.non@protonmail.edu', '+79681346545', '1992-01-10', 30, '2022-11-10 17:45:07', '30 2635567', 'mi fringilla mi lacinia mattis. Integer eu lacus. Quisque imperdiet, erat nonummy ultricies ornare, elit elit fermentum risus, at fringilla purus mauris a nunc. In at pede. Cras vulputate velit eu sem. Pellentesque ut ipsum ac mi eleifend egestas. Sed', 'http://rutube.ru/fr?client=g'),
(59, 'Quinn', 'Barry', 'Oneil', 'justo.eu@icloud.com', '+79287113312', '2004-03-14', 18, '2022-11-10 17:45:07', '16 8381347', 'mus. Donec dignissim magna a tortor. Nunc commodo auctor velit. Aliquam nisl. Nulla eu neque pellentesque massa lobortis ultrices. Vivamus rhoncus. Donec est. Nunc ullamcorper, velit in aliquet lobortis, nisi nibh lacinia orci, consectetuer euismod est arcu ac orci. Ut', 'https://youtube.com/en-us?q=4'),
(60, 'Alden', 'Joshua', 'Velasquez', 'aliquet.libero@yahoo.edu', '+79211943921', '1991-08-29', 31, '2022-11-10 17:45:07', '00 5181397', 'mi eleifend egestas. Sed pharetra, felis eget varius ultrices, mauris ipsum porta elit, a feugiat tellus lorem eu metus. In lorem. Donec elementum, lorem ut aliquam iaculis, lacus pede sagittis augue, eu tempor erat neque non quam. Pellentesque habitant morbi', 'http://rutube.ru/fr?page=1&offset=1'),
(61, 'Courtney', 'Allistair', 'Hood', 'dictum.magna@yahoo.org', '89572634779', '1984-02-21', 38, '2022-11-10 17:45:07', '57 3605961', 'blandit mattis. Cras eget nisi dictum augue malesuada malesuada. Integer id magna et ipsum cursus vestibulum. Mauris magna. Duis dignissim tempor arcu. Vestibulum ut eros non enim commodo hendrerit. Donec porttitor tellus non magna. Nam ligula elit, pretium et, rutrum', 'http://youtube.com/en-ca?page=1&offset=1'),
(62, 'Xander', 'Malcolm', 'Rios', 'at@icloud.couk', '+79619625044', '1988-07-30', 34, '2022-11-10 17:45:07', '82 5300218', 'Vivamus nibh dolor, nonummy ac, feugiat non, lobortis quis, pede. Suspendisse dui. Fusce diam nunc, ullamcorper eu, euismod ac, fermentum vel, mauris. Integer sem elit, pharetra ut, pharetra sed, hendrerit a, arcu. Sed et libero. Proin mi. Aliquam gravida mauris', 'http://rutube.ru/en-ca?ab=441&aad=2'),
(63, 'Sylvester', 'Kaseem', 'Garza', 'pede.malesuada@aol.ca', '89672922721', '1994-06-23', 28, '2022-11-10 17:45:07', '77 6872549', 'quam vel sapien imperdiet ornare. In faucibus. Morbi vehicula. Pellentesque tincidunt tempus risus. Donec egestas. Duis ac arcu. Nunc mauris. Morbi non sapien molestie orci tincidunt adipiscing. Mauris molestie pharetra nibh. Aliquam ornare, libero at auctor ullamcorper, nisl arcu iaculis', 'http://youtube.com/group/9?gi=100'),
(64, 'Emma', 'Merritt', 'Cardenas', 'et@icloud.com', '89836794404', '2000-05-09', 22, '2022-11-10 17:45:07', '84 8266637', 'Donec tempus, lorem fringilla ornare placerat, orci lacus vestibulum lorem, sit amet ultricies sem magna nec quam. Curabitur vel lectus. Cum sociis natoque penatibus et magnis dis parturient montes, nascetur ridiculus mus. Donec dignissim magna a tortor. Nunc commodo auctor', 'http://rutube.ru/sub/cars?q=4'),
(65, 'Emery', 'Orson', 'Atkinson', 'at.egestas.a@aol.com', '89339942316', '1983-05-05', 39, '2022-11-10 17:45:07', '27 2361578', 'scelerisque neque. Nullam nisl. Maecenas malesuada fringilla est. Mauris eu turpis. Nulla aliquet. Proin velit. Sed malesuada augue ut lacus. Nulla tincidunt, neque vitae semper egestas, urna justo faucibus lectus, a sollicitudin orci sem eget massa. Suspendisse eleifend. Cras sed', 'https://rutube.ru/sub/cars?q=4'),
(66, 'Aquila', 'Fitzgerald', 'Kirby', 'mauris.erat.eget@aol.ca', '+79554445875', '2002-06-26', 20, '2022-11-10 17:45:07', '91 3217721', 'dictum placerat, augue. Sed molestie. Sed id risus quis diam luctus lobortis. Class aptent taciti sociosqu ad litora torquent per conubia nostra, per inceptos hymenaeos. Mauris ut quam vel sapien imperdiet ornare. In faucibus. Morbi vehicula. Pellentesque tincidunt tempus risus.', 'http://rutube.ru/fr?k=0'),
(67, 'Elaine', 'Russell', 'Dyer', 'eros.proin@icloud.com', '+79524530451', '1988-04-15', 34, '2022-11-10 17:45:07', '57 1246272', 'viverra. Donec tempus, lorem fringilla ornare placerat, orci lacus vestibulum lorem, sit amet ultricies sem magna nec quam. Curabitur vel lectus. Cum sociis natoque penatibus et magnis dis parturient montes, nascetur ridiculus mus. Donec dignissim magna a tortor. Nunc commodo', 'http://rutube.ru/user/110?k=0'),
(68, 'Morgan', 'Cain', 'Hanson', 'pellentesque@google.com', '89241351048', '1988-08-06', 34, '2022-11-10 17:45:07', '22 2182585', 'sapien. Aenean massa. Integer vitae nibh. Donec est mauris, rhoncus id, mollis nec, cursus a, enim. Suspendisse aliquet, sem ut cursus luctus, ipsum leo elementum sem, vitae aliquam eros turpis non enim. Mauris quis turpis vitae purus gravida sagittis. Duis', 'https://youtube.com/sub?k=0'),
(69, 'Selma', 'Magee', 'Nieves', 'nec.cursus.a@google.org', '+79085323052', '1992-03-04', 30, '2022-11-10 17:45:07', '22 2982585', 'dui lectus rutrum urna, nec luctus felis purus ac tellus. Suspendisse sed dolor. Fusce mi lorem, vehicula et, rutrum eu, ultrices sit amet, risus. Donec nibh enim,', 'http://youtube.com/group/9?ad=115'),
(70, 'Nero', 'Scott', 'Simpson', 'bibendum.donec@hotmail.net', '+79214120666', '2004-01-14', 18, '2022-11-10 17:45:07', '63 1778325', 'lobortis. Class aptent taciti sociosqu ad litora torquent per conubia nostra, per inceptos hymenaeos. Mauris ut quam vel sapien imperdiet ornare. In faucibus. Morbi vehicula. Pellentesque tincidunt tempus risus. Donec egestas. Duis ac arcu. Nunc mauris. Morbi non sapien molestie', 'http://youtube.com/site?q=test'),
(71, 'Kathleen', 'Neville', 'Wiley', 'sed@google.net', '89483930578', '1992-10-26', 30, '2022-11-10 17:45:07', '84 7021236', 'Aenean gravida nunc sed pede. Cum sociis natoque penatibus et magnis dis parturient montes, nascetur ridiculus mus. Proin vel arcu eu odio tristique pharetra. Quisque ac libero nec ligula consectetuer rhoncus. Nullam velit dui, semper et, lacinia vitae, sodales at,', 'http://rutube.ru/sub?search=1&q=de'),
(72, 'Ronan', 'Fuller', 'Francis', 'proin.velit.sed@icloud.org', '89264872424', '1997-03-02', 25, '2022-11-10 17:45:07', '71 3507763', 'in, hendrerit consectetuer, cursus et, magna. Praesent interdum ligula eu enim. Etiam imperdiet dictum magna. Ut tincidunt orci quis lectus. Nullam suscipit, est ac facilisis facilisis, magna tellus faucibus leo, in lobortis tellus justo sit amet nulla. Donec non justo.', 'https://rutube.ru/settings?search=1'),
(73, 'Rosalyn', 'Aaron', 'Lee', 'suspendisse.eleifend@aol.org', '89645101350', '2000-05-12', 22, '2022-11-10 17:45:07', '76 3507763', 'iaculis enim, sit amet ornare lectus justo eu arcu. Morbi sit amet massa. Quisque porttitor eros nec tellus. Nunc lectus pede, ultrices a, auctor non, feugiat nec, diam. Duis', 'https://rutube.ru/group/9?q=4'),
(74, 'Abraham', 'Harlan', 'Orr', 'cursus.et@outlook.com', '89169820756', '1992-11-15', 29, '2022-11-10 17:45:07', '32 2731192', 'lorem, luctus ut, pellentesque eget, dictum placerat, augue. Sed molestie. Sed id risus quis diam luctus lobortis. Class aptent taciti sociosqu ad litora torquent per conubia nostra, per inceptos hymenaeos. Mauris ut quam vel sapien imperdiet ornare. In faucibus. Morbi', 'http://rutube.ru/sub?p=8'),
(75, 'Brody', 'Carter', 'Pugh', 'sit.amet@google.couk', '89425785825', '2000-01-29', 22, '2022-11-10 17:45:07', '61 4638477', 'Nunc lectus pede, ultrices a, auctor non, feugiat nec, diam. Duis mi enim, condimentum eget, volutpat ornare, facilisis eget, ipsum. Donec sollicitudin adipiscing ligula. Aenean gravida nunc sed pede. Cum sociis natoque penatibus et magnis dis parturient montes, nascetur ridiculus', 'https://youtube.com/en-us?g=1'),
(76, 'Darryl', 'Griffith', 'Buckner', 'montes.nascetur@aol.net', '89543848457', '2004-04-25', 18, '2022-11-10 17:45:07', '21 6668454', 'dolor. Donec fringilla. Donec feugiat metus sit amet ante. Vivamus non lorem vitae odio sagittis semper. Nam tempor diam dictum sapien. Aenean massa. Integer vitae nibh. Donec est mauris, rhoncus id, mollis nec, cursus a, enim. Suspendisse aliquet, sem ut', 'http://youtube.com/sub?p=8'),
(77, 'Yoshio', 'Joseph', 'Gill', 'vivamus@icloud.com', '+79634872774', '1993-09-20', 29, '2022-11-10 17:45:07', '14 5125772', 'amet, consectetuer adipiscing elit. Curabitur sed tortor. Integer aliquam adipiscing lacus. Ut nec urna et arcu imperdiet ullamcorper. Duis at lacus. Quisque purus sapien, gravida non, sollicitudin a, malesuada id, erat. Etiam vestibulum massa rutrum magna. Cras convallis convallis dolor.', 'http://youtube.com/one?k=0'),
(78, 'Quintessa', 'Lucius', 'Wilkins', 'nec.luctus@outlook.org', '+79352374563', '1991-09-10', 31, '2022-11-10 17:45:07', '68 5667544', 'tortor. Integer aliquam adipiscing lacus. Ut nec urna et arcu imperdiet ullamcorper. Duis at lacus. Quisque purus sapien, gravida non, sollicitudin a, malesuada id, erat. Etiam vestibulum massa rutrum magna. Cras convallis convallis dolor. Quisque tincidunt pede ac urna. Ut', 'http://youtube.com/site?q=test'),
(79, 'Grady', 'Griffin', 'Welch', 'elit@hotmail.ca', '+79816642794', '1986-04-23', 36, '2022-11-10 17:45:07', '66 1421836', 'Maecenas libero est, congue a, aliquet vel, vulputate eu, odio. Phasellus at augue id ante dictum cursus. Nunc mauris elit, dictum eu, eleifend nec, malesuada ut, sem. Nulla interdum. Curabitur dictum. Phasellus in felis. Nulla tempor augue ac ipsum. Phasellus', 'https://youtube.com/en-us?q=test'),
(80, 'Teegan', 'Brandon', 'Farmer', 'vitae.erat@icloud.ca', '89635787213', '1990-05-31', 32, '2022-11-10 17:45:07', '66 1421836', 'sem elit, pharetra ut, pharetra sed, hendrerit a, arcu. Sed et libero. Proin mi. Aliquam gravida mauris ut mi. Duis risus odio, auctor vitae, aliquet nec, imperdiet nec, leo.', 'http://youtube.com/settings?search=1'),
(81, 'Kelsey', 'Raja', 'Swanson', 'metus.vivamus@aol.couk', '+79334751047', '1996-04-02', 26, '2022-11-10 17:45:07', '38 1262194', 'ac mattis semper, dui lectus rutrum urna, nec luctus felis purus ac tellus. Suspendisse sed dolor. Fusce mi lorem, vehicula et, rutrum eu, ultrices sit amet, risus. Donec nibh enim, gravida sit amet, dapibus id, blandit at, nisi. Cum sociis', 'http://rutube.ru/sub?k=0'),
(82, 'Keegan', 'Xavier', 'Brown', 'non@hotmail.org', '+79674121138', '1997-04-15', 25, '2022-11-10 17:45:07', '80 0415965', 'a, malesuada id, erat. Etiam vestibulum massa rutrum magna. Cras convallis convallis dolor. Quisque tincidunt pede ac urna. Ut tincidunt vehicula risus. Nulla eget metus eu erat semper rutrum. Fusce dolor quam, elementum at, egestas a, scelerisque sed, sapien. Nunc', 'https://youtube.com/en-us?str=se'),
(83, 'Denton', 'Alfonso', 'Clemons', 'mollis.nec.cursus@icloud.ca', '+79515423015', '2001-11-22', 20, '2022-11-10 17:45:07', '94 4825754', 'a odio semper cursus. Integer mollis. Integer tincidunt aliquam arcu. Aliquam ultrices iaculis odio. Nam interdum enim non nisi. Aenean eget metus. In nec orci. Donec nibh. Quisque nonummy ipsum non arcu. Vivamus sit amet risus. Donec egestas. Aliquam nec', 'http://rutube.ru/settings?search=1&q=de'),
(84, 'Joan', 'Wylie', 'Bradshaw', 'mauris.suspendisse@hotmail.couk', '+79813479954', '1991-10-19', 31, '2022-11-10 17:45:07', '98 7348602', 'mollis nec, cursus a, enim. Suspendisse aliquet, sem ut cursus luctus, ipsum leo elementum sem, vitae aliquam eros turpis non enim. Mauris quis turpis vitae purus gravida sagittis. Duis gravida. Praesent eu nulla at sem molestie sodales. Mauris blandit enim', 'http://youtube.com/sub/cars?client=g'),
(85, 'Asher', 'Honorato', 'Combs', 'diam@yahoo.com', '+79568532231', '2001-11-17', 20, '2022-11-10 17:45:07', '98 2142442', 'porta elit, a feugiat tellus lorem eu metus. In lorem. Donec elementum, lorem ut aliquam iaculis, lacus pede sagittis augue, eu tempor erat neque non quam. Pellentesque habitant morbi tristique senectus et netus et malesuada fames ac turpis egestas. Aliquam', 'http://youtube.com/en-us?search=1&q=de'),
(86, 'Callie', 'Colt', 'Nash', 'quisque.fringilla@outlook.net', '+79771323641', '1995-01-29', 27, '2022-11-10 17:45:07', '95 1168616', 'Phasellus in felis. Nulla tempor augue ac ipsum. Phasellus vitae mauris sit amet lorem semper auctor. Mauris vel turpis. Aliquam adipiscing lobortis risus. In mi pede, nonummy ut, molestie in, tempus eu, ligula. Aenean euismod mauris eu elit. Nulla facilisi.', 'https://youtube.com/group/9?p=8'),
(87, 'Dolan', 'Sean', 'Mccarty', 'maecenas@yahoo.edu', '+79775441958', '1983-06-26', 39, '2022-11-10 17:45:07', '02 0856634', 'eu tellus eu augue porttitor interdum. Sed auctor odio a purus. Duis elementum, dui quis accumsan convallis, ante lectus convallis est, vitae sodales nisi magna sed dui. Fusce aliquam, enim nec tempus scelerisque, lorem ipsum sodales purus, in molestie tortor', 'https://youtube.com/fr?page=1&offset=1'),
(88, 'Ahmed', 'Hameed', 'Al-Omairi', 'alomairi@mail.ru', '+79880008902', '1990-06-01', 32, '2022-11-12 08:59:37', '10 1111000', 'Programmer filling table as the top winner in this big list, other list was genrated by awesome website , linke https://generatedata.com/generator , but with many mistakes, and no option to genrate age from birthday ', 'https://ahmedhkad.github.io/'),
(90, 'Ezekiel', 'Dominic', 'Kirby', 'vitae.velit@aol.org', '+79432852296', '1988-06-03', 34, '2022-11-10 17:45:07', '81 5470242', 'dapibus id, blandit at, nisi. Cum sociis natoque penatibus et magnis dis parturient montes, nascetur ridiculus mus. Proin vel nisl. Quisque fringilla euismod enim. Etiam gravida molestie arcu. Sed eu nibh vulputate mauris sagittis placerat. Cras dictum ultricies ligula. Nullam', 'http://rutube.ru/site?q=4'),
(91, 'Hope', 'Carlos', 'Rivera', 'ut.pellentesque@hotmail.org', '+79477922828', '1991-03-05', 31, '2022-11-10 17:45:07', '63 1452373', 'at, nisi. Cum sociis natoque penatibus et magnis dis parturient montes, nascetur ridiculus mus. Proin vel nisl. Quisque fringilla euismod enim. Etiam gravida molestie arcu. Sed eu nibh vulputate mauris sagittis placerat. Cras dictum ultricies ligula. Nullam enim. Sed nulla', 'http://rutube.ru/user/110?q=0'),
(92, 'Wynter', 'Raja', 'Odom', 'id@outlook.net', '+79280725626', '1993-10-14', 29, '2022-11-10 17:45:07', '95 3137781', 'Proin velit. Sed malesuada augue ut lacus. Nulla tincidunt, neque vitae semper egestas, urna justo faucibus lectus, a sollicitudin orci sem eget massa. Suspendisse eleifend. Cras sed leo. Cras vehicula aliquet libero. Integer in magna. Phasellus dolor elit, pellentesque a,', 'http://youtube.com/one?search=1'),
(93, 'MacKenzie', 'Channing', 'Montgomery', 'at.egestas@icloud.ca', '89626212262', '1993-03-26', 29, '2022-11-10 17:45:07', '18 5535549', 'fringilla purus mauris a nunc. In at pede. Cras vulputate velit eu sem. Pellentesque ut ipsum ac mi eleifend egestas. Sed pharetra, felis eget varius ultrices, mauris ipsum porta elit, a feugiat tellus lorem eu metus. In lorem. Donec elementum,', 'https://youtube.com/user/110?search=1&q=de'),
(94, 'Joelle', 'Dorian', 'Byrd', 'laoreet.lectus.quis@icloud.com', '89842387468', '1996-02-26', 26, '2022-11-10 17:45:07', '49 1629358', 'augue scelerisque mollis. Phasellus libero mauris, aliquam eu, accumsan sed, facilisis vitae, orci. Phasellus dapibus quam quis diam. Pellentesque habitant morbi tristique senectus et netus et malesuada fames ac turpis egestas. Fusce aliquet magna a neque. Nullam ut nisi a', 'https://rutube.ru/group/9?ad=115'),
(95, 'Edward', 'Dorian', 'Petty', 'odio@yahoo.org', '+79180766436', '2002-04-22', 20, '2022-11-10 17:45:07', '65 5188319', 'odio. Aliquam vulputate ullamcorper magna. Sed eu eros. Nam consequat dolor vitae dolor. Donec fringilla. Donec feugiat metus sit amet ante. Vivamus non lorem vitae odio sagittis semper. Nam tempor diam dictum sapien. Aenean massa. Integer vitae nibh. Donec est', 'http://rutube.ru/user/110?client=g'),
(96, 'Garth', 'Mufutau', 'Page', 'massa.quisque@aol.org', '+79664554870', '1999-03-22', 23, '2022-11-10 17:45:07', '24 3874145', 'nec luctus felis purus ac tellus. Suspendisse sed dolor. Fusce mi lorem, vehicula et, rutrum eu, ultrices sit amet, risus. Donec nibh enim, gravida sit amet, dapibus id, blandit at, nisi. Cum sociis natoque penatibus et magnis dis parturient montes,', 'http://youtube.com/fr?ad=115'),
(97, 'Willow', 'Walker', 'Gilmore', 'ipsum@icloud.org', '+79153676289', '1997-08-29', 25, '2022-11-10 17:45:07', '75 7408578', 'adipiscing lobortis risus. In mi pede, nonummy ut, molestie in, tempus eu, ligula. Aenean euismod mauris eu elit. Nulla facilisi. Sed neque. Sed eget lacus. Mauris non dui nec urna suscipit nonummy. Fusce fermentum fermentum arcu. Vestibulum ante ipsum primis', 'http://rutube.ru/group/9?ad=115'),
(98, 'Lucas', 'Dillon', 'Hughes', 'lacinia.mattis@icloud.edu', '89641911462', '1986-07-31', 36, '2022-11-10 17:45:07', '46 6788750', 'magna et ipsum cursus vestibulum. Mauris magna. Duis dignissim tempor arcu. Vestibulum ut eros non enim commodo hendrerit. Donec porttitor tellus non magna. Nam ligula elit, pretium et, rutrum non, hendrerit id, ante. Nunc mauris sapien, cursus in, hendrerit consectetuer,', 'http://youtube.com/en-ca?search=1'),
(99, 'Jeremy', 'Jacob', 'Hensley', 'velit@protonmail.com', '+79133065638', '1983-04-20', 39, '2022-11-10 17:45:07', '67 2353377', 'montes, nascetur ridiculus mus. Proin vel nisl. Quisque fringilla euismod enim. Etiam gravida molestie arcu. Sed eu nibh vulputate mauris sagittis placerat. Cras dictum ultricies ligula. Nullam enim. Sed nulla ante, iaculis nec, eleifend non, dapibus rutrum, justo. Praesent luctus.', 'https://rutube.ru/en-ca?ab=441&aad=2'),
(100, 'Kirsten', 'Russell', 'Fields', 'aliquet@protonmail.com', '+79176276372', '1983-09-17', 39, '2022-11-10 17:45:07', '46 1052774', 'Nunc mauris sapien, cursus in, hendrerit consectetuer, cursus et, magna. Praesent interdum ligula eu enim. Etiam imperdiet dictum magna. Ut tincidunt orci quis lectus. Nullam suscipit, est ac facilisis facilisis, magna tellus faucibus leo, in lobortis tellus justo sit amet', 'http://rutube.ru/user/110?k=0');

--
-- Indexes for dumped tables
--

--
-- Indexes for table `competitions`
--
ALTER TABLE `competitions`
  ADD PRIMARY KEY (`competitions_id`);

--
-- Indexes for table `results`
--
ALTER TABLE `results`
  ADD PRIMARY KEY (`results_id`);

--
-- Indexes for table `sportsmen`
--
ALTER TABLE `sportsmen`
  ADD PRIMARY KEY (`id`);

--
-- AUTO_INCREMENT for dumped tables
--

--
-- AUTO_INCREMENT for table `competitions`
--
ALTER TABLE `competitions`
  MODIFY `competitions_id` int(11) NOT NULL AUTO_INCREMENT, AUTO_INCREMENT=3;

--
-- AUTO_INCREMENT for table `results`
--
ALTER TABLE `results`
  MODIFY `results_id` int(11) NOT NULL AUTO_INCREMENT, AUTO_INCREMENT=100;

--
-- AUTO_INCREMENT for table `sportsmen`
--
ALTER TABLE `sportsmen`
  MODIFY `id` int(11) NOT NULL AUTO_INCREMENT, AUTO_INCREMENT=101;
COMMIT;

/*!40101 SET CHARACTER_SET_CLIENT=@OLD_CHARACTER_SET_CLIENT */;
/*!40101 SET CHARACTER_SET_RESULTS=@OLD_CHARACTER_SET_RESULTS */;
/*!40101 SET COLLATION_CONNECTION=@OLD_COLLATION_CONNECTION */;
